﻿Family,Genus,Species,Specimen_ID,SVL_mm,Volume,Structural_Curvature_degrees,Tip_angle_degrees,Radius_of_Curvature_at_Tip,PC1_value,Tested_for_Puncture_Performance,Puncture_range_degrees,Lowest_Force_to_Puncture,Average_Puncture_Force,,,,
Colubridae,Opheodrys,aestivus,OPAE004M_Spine1,NA,1.1474,73.68,34.735,0.064,-0.166783847,N,NA,NA,NA,,,,
Colubridae,Opheodrys,aestivus,OPAE004M_Spine2,NA,0.0019,10.65,26.441,0.08,-0.174845544,Y,50,3.48,4.317708333,,,,
Colubridae,Opheodrys,aestivus,OPAE004M_Spine3,NA,0.0025,5.7,83.735,0.193,0.401719878,Y,0,NA,NA,,,,
Viperidae,Crotalus,viridis,CRVI002M_Spine1,763,0.3822,10.53,68.605,0.082,-0.153954408,Y,30,18.38,32.4525,,,,
Viperidae,Crotalus,viridis,CRVI002M_Spine2,763,0.3021,7.08,72.401,0.094,-0.147768828,N,NA,NA,NA,,,,
Viperidae,Crotalus,viridis,CRVI002M_Spine3,763,0.0055,28.89,82.028,0.193,0.301680747,N,NA,NA,NA,,,,
Colubridae,Nerodia,rhombifer,NR30M_Spine1,664,10.4361,16.36,37.512,0.064,0.002114853,Y,60,10.31,17.86714286,,,,
Colubridae,Nerodia,rhombifer,NR30M_Spine2,664,1.6221,31.53,42.525,0.078,-0.103198233,Y,60,12.02,25.53107143,,,,
Colubridae,Nerodia,rhombifer,NR30M_Spine3,664,0.1996,54.58,56.396,0.082,0.010898702,Y,60,26.16,45.8529966,,,,
Colubridae,Nerodia,rhombifer,NR30M_Spine4,664,0.0037,20.77,57.85,0.082,0.146680303,Y,60,29.46,42.37790476,,,,
Colubridae,Nerodia,rhombifer,NR30M_Spine5,664,0.0106,28.96,12.795,0.025,-0.229540253,Y,20,5.5,6.900305556,,,,
Lamprophiidae,Mehelya,crossi,MECR002M_Spine1,1055,0.1896,11.39,63.031,0.064,-0.174552998,Y,30,40.83,46.5075,,,,
Lamprophiidae,Mehelya,crossi,MECR002M_Spine2,1055,0.0718,26.4,43.922,0.05,-0.179317144,N,NA,NA,NA,,,,
Lamprophiidae,Mehelya,crossi,MECR002M_Spine3,1055,0.0129,76.01,76.477,0.2,0.163225399,N,NA,NA,NA,,,,
Lamprophiidae,Mehelya,crossi,MECR002M_Spine4,1055,0.0101,32.58,72.322,0.221,0.078231797,N,NA,NA,NA,,,,
Colubridae,Nerodia,fasciata,NEFA101M_Spine1,516,2.6906,41.05,43.753,0.082,-0.076575741,N,NA,NA,NA,,,,
Colubridae,Nerodia,fasciata,NEFA101M_Spine2,516,0.0389,97.69,27.681,0.094,0.092684066,N,NA,NA,NA,,,,
Colubridae,Nerodia,fasciata,NEFA101M_Spine3,516,0.0044,82.18,66.26,0.111,-0.101535799,N,NA,NA,NA,,,,
Colubridae,Nerodia,fasciata,NEFA101M_Spine4,516,0.0056,12.22,86.727,0.309,0.279850093,N,NA,NA,NA,,,,
Viperidae,Crotalus,atrox,CRAT001M_Spine1,827,0.3822,9.32,57.938,0.111,-0.15769686,Y,50,36.14,43.42,,,,
Viperidae,Crotalus,atrox,CRAT001M_Spine2,827,0.1103,4.65,64.169,0.069,-0.130111723,N,NA,NA,NA,,,,
Viperidae,Crotalus,atrox,CRAT001M_Spine3,827,0.006,16.89,76.371,0.6,0.298031773,N,NA,NA,NA,,,,
Colubridae,Nerodia,sipedon,NESI050M_Spine1,487,2.4166,34.76,28.492,0.064,-0.121939198,N,NA,NA,NA,,,,
Colubridae,Nerodia,sipedon,NESI050M_Spine2,487,0.0841,47.38,53.973,0.087,-0.064799115,N,NA,NA,NA,,,,
Colubridae,Nerodia,sipedon,NESI050M_Spine3,487,0.0074,13.34,45.331,0.071,0.116451377,N,NA,NA,NA,,,,
Colubridae,Nerodia,sipedon,NESI050M_Spine4,487,0.0144,109.69,55.968,0.089,-0.077426899,N,NA,NA,NA,,,,
Colubridae,Nerodia,sipedon,NESI050M_Spine5,487,0.003,25.92,60.87,0.069,0.289583724,Y,50,5.77,6.688888889,,,,
Elapidae,Acanthophis,rugosus,ACRU001M_Spine1,480,0.0393,24.55,59.583,0.04,-0.018178574,Y,60,33.16,47.66,,,,
Elapidae,Acanthophis,rugosus,ACRU001M_Spine2,480,0.0552,14.9,67.394,0.064,0.04602413,N,NA,NA,NA,,,,
Elapidae,Acanthophis,rugosus,ACRU001M_Spine3,480,0.0794,18.37,61.328,0.082,-0.064429408,N,NA,NA,NA,,,,
Elapidae,Acanthophis,rugosus,ACRU001M_Spine4,480,0.0095,13.44,72.848,0.094,0.221880471,N,NA,NA,NA,,,,
Colubridae,Pantherophis,guttatus,PAGU001M_Spine1,805,0.0629,36.7,66.547,0.132,-0.022729631,N,NA,NA,NA,,,,
Colubridae,Pantherophis,guttatus,PAGU001M_Spine2,805,0.0091,29.92,30.99,0.082,-0.053586831,N,NA,NA,NA,,,,
Colubridae,Pantherophis,guttatus,PAGU001M_Spine3,805,0.0011,33.29,34.667,0.193,0.221231023,N,NA,NA,NA,,,,
Colubridae,Ahaetulla,nasuta,AHNA004M_Spine1,628,0.2372,32.86,58.548,0.04,-0.148144997,N,NA,NA,NA,,,,
Colubridae,Ahaetulla,nasuta,AHNA004M_Spine2,628,0.1984,49.1,49.845,0.036,-0.133321543,N,NA,NA,NA,,,,
Colubridae,Ahaetulla,nasuta,AHNA004M_Spine3,628,0.0197,15.33,23.625,0.056,-0.186978495,N,NA,NA,NA,,,,
Colubridae,Ahaetulla,nasuta,AHNA004M_Spine4,628,0.0077,45.79,89.121,0.094,0.17888379,N,NA,NA,NA,,,,
Colubridae,Pantherophis,alleghaniensis,PAAL003M_Spine1,1222,0.3729,26.56,71.689,0.328,0.099146382,N,NA,NA,NA,,,,
Colubridae,Pantherophis,alleghaniensis,PAAL003M_Spine2,1222,0.0371,13.84,42.594,0.069,-0.161144775,N,NA,NA,NA,,,,
Colubridae,Pantherophis,alleghaniensis,PAAL003M_Spine3,1222,0.0281,10.08,43.338,0.089,-0.099757667,Y,40,28.37,32.50433333,,,,
