﻿Family,Genus,Species,Specimen_ID,SVL_mm,Volume,Structural_Curvature_degrees,Spine_Location,Tip_angle_degrees,Radius_of_Curvature_at_Tip,PC1_value,Tested_for_Puncture_Performance,Puncture_range_degrees,Lowest_Force_to_Puncture,Puncture_Performance_Score,,,,
Colubridae,Opheodrys,aestivus,OPAE004M_Spine1,NA,1.1474,73.68,B,34.735,0.064,-0.166783847,N,NA,NA,NA,,,,
Viperidae,Crotalus,viridis,CRVI002M_Spine1,763,0.3822,10.53,P,68.605,0.082,-0.153954408,Y,30,18.38,309.8,,,,
Colubridae,Nerodia,rhombifer,NR30M_Spine1,664,10.4361,16.36,P,37.512,0.064,0.002114853,Y,60,10.31,102.38,,,,
Lamprophiidae,Mehelya,crossi,MECR002M_Spine1,1055,0.1896,11.39,M,63.031,0.064,-0.174552998,Y,30,40.83,366.03,,,,
Colubridae,Nerodia,fasciata,NEFA101M_Spine1,516,2.6906,41.05,P,43.753,0.082,-0.076575741,N,NA,NA,NA,,,,
Viperidae,Crotalus,atrox,CRAT001M_Spine1,827,0.3822,9.32,P,57.938,0.111,-0.15769686,Y,50,36.14,283.54,,,,
Colubridae,Nerodia,sipedon,NESI050M_Spine1,487,2.4166,34.76,P,28.492,0.064,-0.121939198,N,NA,NA,NA,,,,
Elapidae,Acanthophis,rugosus,ACRU001M_Spine3,480,0.0794,18.37,M,61.328,0.082,-0.064429408,N,NA,NA,NA,,,,
Colubridae,Pantherophis,guttatus,PAGU001M_Spine1,805,0.0629,36.7,M,66.547,0.132,-0.022729631,N,NA,NA,NA,,,,
Colubridae,Ahaetulla,nasuta,AHNA004M_Spine1,628,0.2372,32.86,M,58.548,0.04,-0.148144997,N,NA,NA,NA,,,,
Colubridae,Pantherophis,alleghaniensis,PAAL003M_Spine1,1222,0.3729,26.56,M,71.689,0.328,0.099146382,N,NA,NA,NA,,,,
